Pollutant:,OC,Unit: grams,,,,,,,,,,,,,,,,,,,,,,,,,,,,,,,,,,
,2015.0,2016.0,2017.0,2018.0,2019.0,2020.0,2021.0,2022.0,2023.0,2024.0,2025.0,2026.0,2027.0,2028.0,2029.0,2030.0,2031.0,2032.0,2033.0,2034.0,2035.0,2036.0,2037.0,2038.0,2039.0,2040.0,2041.0,2042.0,2043.0,2044.0,2045.0,2046.0,2047.0,2048.0,2049.0,2050.0
agriculture and forestry 01T03,0.0,0.0,0.0,0.0,0.0,157353.38345864663,158436.0902255639,159518.7969924812,168692.91338582677,172249.0807134986,174071.29467827882,175484.35398708383,176868.73807627248,178120.30339241936,179500.42415005487,180832.72450778607,180520.602840315,180623.8542554239,179857.51487769454,179529.89442537932,179146.17348371333,178999.78315563014,178788.68240004344,178797.15139955116,178800.60083722576,178795.49040943926,178728.22983147515,178979.27977999268,179169.92673248,179425.52521350858,179904.745689156,181436.59249303117,182998.47699861624,184592.3670892977,185982.097143773,187403.28867056777
coal mining 05,0.0,0.0,0.0,0.0,0.0,9006433.333333334,9169275.238095237,9270315.04257332,10395011.56920488,9290969.13116151,9729394.028119426,11141381.687236127,11694920.250095714,12701624.273295453,13839124.08309839,14310482.473285291,14417355.440620907,14020382.26392662,13987137.825758182,14106174.747050852,13820050.388680466,13767803.954330893,13933216.050024582,14054433.820628962,14425757.037587518,14117786.771053744,13822946.409172904,13535521.16779173,13540201.41979004,13841811.591992607,13918354.88948026,14013497.837022033,14250960.146408299,14369625.83342647,14408816.65937967,14349445.938621892
oil and gas extraction 06,0.0,0.0,0.0,0.0,0.0,61839703.37477798,62958634.103019536,59652014.882182725,59847547.69736842,64758568.62309671,65877623.84864497,63591257.33875847,64852181.870891675,66888689.384970024,68331177.4663033,70192406.02380535,71518642.66293988,72610682.19106147,73122957.5726567,73325030.7359649,73845070.20819667,73750378.70661916,73922339.7528644,74200117.21300477,74267173.87894633,75494928.45139916,75773782.82083891,76441380.55529994,76624682.5537393,76958348.31231546,77520928.69119945,78143180.2597953,78428262.90659407,78110195.23629047,78466432.66056778,79173655.76198317
other mining and quarrying 07T08,0.0,0.0,0.0,0.0,0.0,0.0,0.0,0.0,0.0,0.0,0.0,0.0,0.0,0.0,0.0,0.0,0.0,0.0,0.0,0.0,0.0,0.0,0.0,0.0,0.0,0.0,0.0,0.0,0.0,0.0,0.0,0.0,0.0,0.0,0.0,0.0
food beverage and tobacco 10T12,0.0,0.0,0.0,0.0,0.0,0.0,0.0,0.0,0.0,0.0,0.0,0.0,0.0,0.0,0.0,0.0,0.0,0.0,0.0,0.0,0.0,0.0,0.0,0.0,0.0,0.0,0.0,0.0,0.0,0.0,0.0,0.0,0.0,0.0,0.0,0.0
textiles apparel and leather 13T15,0.0,0.0,0.0,0.0,0.0,0.0,0.0,0.0,0.0,0.0,0.0,0.0,0.0,0.0,0.0,0.0,0.0,0.0,0.0,0.0,0.0,0.0,0.0,0.0,0.0,0.0,0.0,0.0,0.0,0.0,0.0,0.0,0.0,0.0,0.0,0.0
wood products 16,0.0,0.0,0.0,0.0,0.0,0.0,0.0,0.0,0.0,0.0,0.0,0.0,0.0,0.0,0.0,0.0,0.0,0.0,0.0,0.0,0.0,0.0,0.0,0.0,0.0,0.0,0.0,0.0,0.0,0.0,0.0,0.0,0.0,0.0,0.0,0.0
pulp paper and printing 17T18,0.0,0.0,0.0,0.0,0.0,178009925.7688229,180573806.99893954,191316144.35346526,198256994.5945912,196266333.08454818,196095139.6801704,196848350.60235023,196696568.7668366,197516984.25294772,198857744.53465775,199886968.62639087,201878388.87341997,203804465.9791988,204975791.43023255,206458554.34841064,207891298.31743097,208300893.94619256,209087569.94452664,211103077.2054977,211215131.45082963,213149376.1769527,215834122.07369453,217904111.92404106,219436090.6311941,220268729.92424032,220972707.88445196,221736826.30776414,221699404.52601135,222029664.63151535,222636028.68915725,223374196.9904402
refined petroleum and coke 19,0.0,0.0,0.0,0.0,0.0,63067302.36712818,63248222.420723535,63443310.252401166,58684847.93048251,76786650.34268197,80696582.15648976,85262867.4381302,88786430.35260405,88201747.67532015,86349490.96402815,85861582.69846238,84647695.04106788,86810538.7962889,87299829.27906449,87154415.30547966,88693514.95746277,88844115.71398768,89869250.08513747,88882928.92970432,88949336.29745579,89105751.527118,88211288.47934744,89018978.84129596,88649341.932552,89236137.90623367,89517800.55395982,96092925.63972339,96046842.84883626,91951163.06171504,89450146.13271423,90359345.04650053
chemicals 20,0.0,0.0,0.0,0.0,0.0,104403500.18005042,72922966.35227862,68260962.05430272,74302197.59759761,83014752.94467868,73879522.74192958,67651701.49433164,70569420.21924084,73808757.5298914,76994741.3252916,79837352.87044825,81881364.4865252,83832242.13537125,86698160.68816783,89045926.19405209,91068993.07397224,93826290.05254222,96438446.15490162,98531784.53573225,100075657.32349338,101824336.57800633,103659621.14254655,107196743.35972968,110820784.84533054,113608825.18832344,116775792.37489757,118193751.8463618,118857396.39326169,119431177.14425656,121386379.69713148,123920727.77152336
rubber and plastic products 22,0.0,0.0,0.0,0.0,0.0,0.0,0.0,0.0,0.0,0.0,0.0,0.0,0.0,0.0,0.0,0.0,0.0,0.0,0.0,0.0,0.0,0.0,0.0,0.0,0.0,0.0,0.0,0.0,0.0,0.0,0.0,0.0,0.0,0.0,0.0,0.0
glass and glass products 231,0.0,0.0,0.0,0.0,0.0,0.0,0.0,0.0,0.0,0.0,0.0,0.0,0.0,0.0,0.0,0.0,0.0,0.0,0.0,0.0,0.0,0.0,0.0,0.0,0.0,0.0,0.0,0.0,0.0,0.0,0.0,0.0,0.0,0.0,0.0,0.0
cement and other nonmetallic minerals 239,0.0,0.0,0.0,0.0,0.0,85682386.17842008,89662610.01847224,85496428.57142857,89120434.35340573,101395636.23348862,92286272.08448716,85436813.81705484,81189399.25021957,77731621.8776991,76688802.1027901,75506051.4242232,74447570.82940775,73497321.42267804,60975839.9449018,58645084.93710258,56053346.33972539,53581430.206185214,52044368.02032765,50741644.20064037,48635784.24560588,47279884.49888665,45807004.39500797,44536440.114456244,43583457.82055241,42878647.88478532,41771121.57574824,41060436.71084148,40422982.966671415,39744973.328647025,39264123.865682684,38907247.9990521
iron and steel 241,0.0,0.0,0.0,0.0,0.0,308244317.718941,311801670.06109977,367794014.25178146,358016422.01834863,347066191.66433764,323881582.96525806,291382010.09694976,279244930.7613788,283128779.17510533,284044994.9326819,280768519.7204277,274708942.94619423,264503781.9265243,264506629.98737285,269009478.044402,270242404.1177491,273081986.2617445,276093384.6859794,278678354.23212945,282022738.7107645,284422774.0944757,285253096.4559679,288088770.6013153,293389234.6265697,296461169.3129163,297394723.1063141,296520090.64625263,293039097.7293369,289022372.0157191,289186199.00768155,291895380.4937425
other metals 242,0.0,0.0,0.0,0.0,0.0,8738433.811802233,9005282.296650717,9130975.916230366,9918477.728285078,10249882.531981021,10135962.122655012,10090711.986597609,10311336.609192243,10685817.142100696,10993088.659198673,11252556.795781888,11401450.332760511,11424850.319975723,11418560.449327692,11446665.440395584,11516925.840711964,11625455.587122025,11742531.763535291,11834078.877947198,11902094.98597132,12020194.213987116,12109814.426026335,12180162.072143905,12295906.096082201,12416821.784111965,12477724.522506298,12497844.8821509,12513669.504115755,12543550.975987116,12575161.207287375,12572156.941290598
metal products except machinery and vehicles 25,0.0,0.0,0.0,0.0,0.0,0.0,0.0,0.0,0.0,0.0,0.0,0.0,0.0,0.0,0.0,0.0,0.0,0.0,0.0,0.0,0.0,0.0,0.0,0.0,0.0,0.0,0.0,0.0,0.0,0.0,0.0,0.0,0.0,0.0,0.0,0.0
computers and electronics 26,0.0,0.0,0.0,0.0,0.0,0.0,0.0,0.0,0.0,0.0,0.0,0.0,0.0,0.0,0.0,0.0,0.0,0.0,0.0,0.0,0.0,0.0,0.0,0.0,0.0,0.0,0.0,0.0,0.0,0.0,0.0,0.0,0.0,0.0,0.0,0.0
appliances and electrical equipment 27,0.0,0.0,0.0,0.0,0.0,0.0,0.0,0.0,0.0,0.0,0.0,0.0,0.0,0.0,0.0,0.0,0.0,0.0,0.0,0.0,0.0,0.0,0.0,0.0,0.0,0.0,0.0,0.0,0.0,0.0,0.0,0.0,0.0,0.0,0.0,0.0
other machinery 28,0.0,0.0,0.0,0.0,0.0,0.0,0.0,0.0,0.0,0.0,0.0,0.0,0.0,0.0,0.0,0.0,0.0,0.0,0.0,0.0,0.0,0.0,0.0,0.0,0.0,0.0,0.0,0.0,0.0,0.0,0.0,0.0,0.0,0.0,0.0,0.0
road vehicles 29,0.0,0.0,0.0,0.0,0.0,0.0,0.0,0.0,0.0,0.0,0.0,0.0,0.0,0.0,0.0,0.0,0.0,0.0,0.0,0.0,0.0,0.0,0.0,0.0,0.0,0.0,0.0,0.0,0.0,0.0,0.0,0.0,0.0,0.0,0.0,0.0
nonroad vehicles 30,0.0,0.0,0.0,0.0,0.0,0.0,0.0,0.0,0.0,0.0,0.0,0.0,0.0,0.0,0.0,0.0,0.0,0.0,0.0,0.0,0.0,0.0,0.0,0.0,0.0,0.0,0.0,0.0,0.0,0.0,0.0,0.0,0.0,0.0,0.0,0.0
other manufacturing 31T33,0.0,0.0,0.0,0.0,0.0,77693016.3831128,78343462.50787649,85183949.90556063,92615624.7593398,91106027.11881545,88641583.37066594,87387678.64081827,87208729.93629688,87521221.0845023,88831923.87367225,90439247.61536619,92002438.65438074,94644563.6739841,96906175.878151,99247117.1802113,101246350.27175328,102446104.08722532,103986560.32594156,106241645.24243951,107626897.03359659,109710068.20941089,111737129.41053987,113456836.04167329,114816229.82241012,116154182.51219603,117701950.65824775,120382088.97656743,122054395.01390168,123504484.26076517,125103057.98534997,126742093.61454551
energy pipelines and gas processing 352T353,0.0,0.0,0.0,0.0,0.0,53638711.15347951,53433349.85700668,61650930.77177874,67413489.62148963,77418516.34408416,78852845.01068571,79301815.83367203,84497083.33706932,91024555.86784212,92046542.161046,93521219.5933872,92437029.1641367,90516863.84442109,87270349.66056657,85095058.20804858,84207641.56868462,84121889.5020578,84193344.1883813,83154837.34069282,83534836.94793436,83131201.70883201,82277736.11271079,82200653.96114177,82665646.5642113,83066873.14242949,83518812.57227518,83800055.6377056,83244448.47590165,82898131.77271456,83309060.58504926,84237734.95121393
water and waste 36T39,0.0,0.0,0.0,0.0,0.0,0.0,0.0,0.0,0.0,0.0,0.0,0.0,0.0,0.0,0.0,0.0,0.0,0.0,0.0,0.0,0.0,0.0,0.0,0.0,0.0,0.0,0.0,0.0,0.0,0.0,0.0,0.0,0.0,0.0,0.0,0.0
construction 41T43,0.0,0.0,0.0,0.0,0.0,0.0,0.0,0.0,0.0,0.0,0.0,0.0,0.0,0.0,0.0,0.0,0.0,0.0,0.0,0.0,0.0,0.0,0.0,0.0,0.0,0.0,0.0,0.0,0.0,0.0,0.0,0.0,0.0,0.0,0.0,0.0
