Imported Electricity (MW*hour),2020.0,2021.0,2022.0,2023.0,2024.0,2025.0,2026.0,2027.0,2028.0,2029.0,2030.0,2031.0,2032.0,2033.0,2034.0,2035.0,2036.0,2037.0,2038.0,2039.0,2040.0,2041.0,2042.0,2043.0,2044.0,2045.0,2046.0,2047.0,2048.0,2049.0,2050.0
hard coal,10554700.0,10554700.0,10554700.0,8804300.0,7697800.0,9469890.0,8991280.0,7540440.0,4433640.0,3004280.0,2001750.0,2001750.0,2001750.0,2001750.0,2001750.0,2001750.0,2001750.0,2001750.0,2001750.0,2001750.0,2001750.0,2001750.0,2001750.0,2001750.0,2001750.0,2001750.0,2001750.0,2001750.0,2001750.0,2001750.0,2001750.0
natural gas steam turbine,5668510.0,5668510.0,5668510.0,6930200.0,7655510.0,9858500.0,10119800.0,11284900.0,12351000.0,12258400.0,11237700.0,11237700.0,11237700.0,11237700.0,11237700.0,11237700.0,11237700.0,11237700.0,11237700.0,11237700.0,11237700.0,11237700.0,11237700.0,11237700.0,11237700.0,11237700.0,11237700.0,11237700.0,11237700.0,11237700.0,11237700.0
natural gas combined cycle,0.0,0.0,0.0,0.0,0.0,0.0,0.0,0.0,0.0,0.0,0.0,0.0,0.0,0.0,0.0,0.0,0.0,0.0,0.0,0.0,0.0,0.0,0.0,0.0,0.0,0.0,0.0,0.0,0.0,0.0,0.0
nuclear,2129710.0,2129710.0,2129710.0,2173120.0,2164220.0,2804070.0,2816800.0,2847770.0,3034670.0,3097100.0,3230990.0,3230990.0,3230990.0,3230990.0,3230990.0,3230990.0,3230990.0,3230990.0,3230990.0,3230990.0,3230990.0,3230990.0,3230990.0,3230990.0,3230990.0,3230990.0,3230990.0,3230990.0,3230990.0,3230990.0,3230990.0
hydro,259877.0,259877.0,259877.0,292442.0,330561.0,426311.0,456661.0,538912.0,827633.0,933564.0,1027690.0,1027690.0,1027690.0,1027690.0,1027690.0,1027690.0,1027690.0,1027690.0,1027690.0,1027690.0,1027690.0,1027690.0,1027690.0,1027690.0,1027690.0,1027690.0,1027690.0,1027690.0,1027690.0,1027690.0,1027690.0
onshore wind,1579770.0,1579770.0,1579770.0,1922250.0,2243840.0,2932160.0,3076380.0,3228650.0,4470860.0,4761210.0,5483480.0,5483480.0,5483480.0,5483480.0,5483480.0,5483480.0,5483480.0,5483480.0,5483480.0,5483480.0,5483480.0,5483480.0,5483480.0,5483480.0,5483480.0,5483480.0,5483480.0,5483480.0,5483480.0,5483480.0,5483480.0
solar PV,148908.0,148908.0,148908.0,224605.0,259113.0,338895.0,353457.0,367664.0,654694.0,1708600.0,2808030.0,2808030.0,2808030.0,2808030.0,2808030.0,2808030.0,2808030.0,2808030.0,2808030.0,2808030.0,2808030.0,2808030.0,2808030.0,2808030.0,2808030.0,2808030.0,2808030.0,2808030.0,2808030.0,2808030.0,2808030.0
solar thermal,0.0,0.0,0.0,0.0,0.0,0.0,0.0,0.0,0.0,0.0,0.0,0.0,0.0,0.0,0.0,0.0,0.0,0.0,0.0,0.0,0.0,0.0,0.0,0.0,0.0,0.0,0.0,0.0,0.0,0.0,0.0
biomass,72233.0,72233.0,72233.0,74495.2,80155.5,104635.0,106989.0,107766.0,127856.0,128862.0,133641.0,133641.0,133641.0,133641.0,133641.0,133641.0,133641.0,133641.0,133641.0,133641.0,133641.0,133641.0,133641.0,133641.0,133641.0,133641.0,133641.0,133641.0,133641.0,133641.0,133641.0
geothermal,0.0,0.0,0.0,0.0,0.0,0.0,0.0,0.0,0.0,0.0,0.0,0.0,0.0,0.0,0.0,0.0,0.0,0.0,0.0,0.0,0.0,0.0,0.0,0.0,0.0,0.0,0.0,0.0,0.0,0.0,0.0
petroleum,146492.0,146492.0,146492.0,138785.0,129004.0,180740.0,193853.0,199088.0,214835.0,223159.0,191962.0,191962.0,191962.0,191962.0,191962.0,191962.0,191962.0,191962.0,191962.0,191962.0,191962.0,191962.0,191962.0,191962.0,191962.0,191962.0,191962.0,191962.0,191962.0,191962.0,191962.0
natural gas peaker,0.0,0.0,0.0,0.0,0.0,0.0,0.0,0.0,0.0,0.0,0.0,0.0,0.0,0.0,0.0,0.0,0.0,0.0,0.0,0.0,0.0,0.0,0.0,0.0,0.0,0.0,0.0,0.0,0.0,0.0,0.0
lignite,0.0,0.0,0.0,0.0,0.0,0.0,0.0,0.0,0.0,0.0,0.0,0.0,0.0,0.0,0.0,0.0,0.0,0.0,0.0,0.0,0.0,0.0,0.0,0.0,0.0,0.0,0.0,0.0,0.0,0.0,0.0
offshore wind,0.0,0.0,0.0,0.0,0.0,0.0,0.0,0.0,0.0,0.0,0.0,0.0,0.0,0.0,0.0,0.0,0.0,0.0,0.0,0.0,0.0,0.0,0.0,0.0,0.0,0.0,0.0,0.0,0.0,0.0,0.0
crude oil,0.0,0.0,0.0,0.0,0.0,0.0,0.0,0.0,0.0,0.0,0.0,0.0,0.0,0.0,0.0,0.0,0.0,0.0,0.0,0.0,0.0,0.0,0.0,0.0,0.0,0.0,0.0,0.0,0.0,0.0,0.0
heavy or residual fuel oil,0.0,0.0,0.0,0.0,0.0,0.0,0.0,0.0,0.0,0.0,0.0,0.0,0.0,0.0,0.0,0.0,0.0,0.0,0.0,0.0,0.0,0.0,0.0,0.0,0.0,0.0,0.0,0.0,0.0,0.0,0.0
municipal solid waste,0.0,0.0,0.0,0.0,0.0,0.0,0.0,0.0,0.0,0.0,0.0,0.0,0.0,0.0,0.0,0.0,0.0,0.0,0.0,0.0,0.0,0.0,0.0,0.0,0.0,0.0,0.0,0.0,0.0,0.0,0.0
hard coal w CCS,0.0,0.0,0.0,0.0,0.0,0.0,0.0,0.0,0.0,0.0,0.0,0.0,0.0,0.0,0.0,0.0,0.0,0.0,0.0,0.0,0.0,0.0,0.0,0.0,0.0,0.0,0.0,0.0,0.0,0.0,0.0
natural gas combined cycle w CCS,0.0,0.0,0.0,0.0,0.0,0.0,0.0,0.0,0.0,0.0,0.0,0.0,0.0,0.0,0.0,0.0,0.0,0.0,0.0,0.0,0.0,0.0,0.0,0.0,0.0,0.0,0.0,0.0,0.0,0.0,0.0
biomass w CCS,0.0,0.0,0.0,0.0,0.0,0.0,0.0,0.0,0.0,0.0,0.0,0.0,0.0,0.0,0.0,0.0,0.0,0.0,0.0,0.0,0.0,0.0,0.0,0.0,0.0,0.0,0.0,0.0,0.0,0.0,0.0
lignite w CCS,0.0,0.0,0.0,0.0,0.0,0.0,0.0,0.0,0.0,0.0,0.0,0.0,0.0,0.0,0.0,0.0,0.0,0.0,0.0,0.0,0.0,0.0,0.0,0.0,0.0,0.0,0.0,0.0,0.0,0.0,0.0
small modular reactor,0.0,0.0,0.0,0.0,0.0,0.0,0.0,0.0,0.0,0.0,0.0,0.0,0.0,0.0,0.0,0.0,0.0,0.0,0.0,0.0,0.0,0.0,0.0,0.0,0.0,0.0,0.0,0.0,0.0,0.0,0.0
hydrogen combustion turbine,0.0,0.0,0.0,0.0,0.0,0.0,0.0,0.0,0.0,0.0,0.0,0.0,0.0,0.0,0.0,0.0,0.0,0.0,0.0,0.0,0.0,0.0,0.0,0.0,0.0,0.0,0.0,0.0,0.0,0.0,0.0
hydrogen combined cycle,0.0,0.0,0.0,0.0,0.0,0.0,0.0,0.0,0.0,0.0,0.0,0.0,0.0,0.0,0.0,0.0,0.0,0.0,0.0,0.0,0.0,0.0,0.0,0.0,0.0,0.0,0.0,0.0,0.0,0.0,0.0
,,,,,,,,,,,,,,,,,,,,,,,,,,,,,,,
,,,,,,,,,,,,,,,,,,,,,,,,,,,,,,,
,,,,,,,,,,,,,,,,,,,,,,,,,,,,,,,
