Unit: incidents / ton pollutant,2024.0,2025.0,2026.0,2027.0,2028.0,2029.0,2030.0,2031.0,2032.0,2033.0,2034.0,2035.0,2036.0,2037.0,2038.0,2039.0,2040.0,2041.0,2042.0,2043.0,2044.0,2045.0,2046.0,2047.0,2048.0,2049.0,2050.0
Premature mortality,0.0415615,0.0420768,0.0425921,0.0431073,0.0436226,0.0446261,0.0456296,0.0462887,0.0469479,0.047607,0.0482661,0.0489253,0.049437,0.0499488,0.0504606,0.0509724,0.0514841,0.0517553,0.0520264,0.0522975,0.0525686,0.0528397,0.0528872,0.0529346,0.052982,0.0530294,0.0530768
Infant mortality,0.000110686,0.000109721,0.000108756,0.000107791,0.000106826,7.1045e-05,3.5264e-05,3.50335e-05,3.4803e-05,3.45725e-05,3.4342e-05,3.41115e-05,3.39667e-05,3.38219e-05,3.36771e-05,3.35323e-05,3.33875e-05,3.32071e-05,3.30266e-05,3.28461e-05,3.26656e-05,3.24852e-05,3.22906e-05,3.2096e-05,3.19014e-05,3.17069e-05,3.15123e-05
Asthma symptoms albuturol use,6.19016,6.25298,6.3158,6.37863,6.44145,6.51406,6.58667,6.63863,6.6906,6.74257,6.79453,6.8465,6.86786,6.88922,6.91058,6.93194,6.9533,6.97952,7.00575,7.03197,7.0582,7.08442,7.11364,7.14285,7.17207,7.20129,7.2305
Asthma symptoms chest tightness,0.0,0.0,0.0,0.0,0.0,0.0,0.0,0.0,0.0,0.0,0.0,0.0,0.0,0.0,0.0,0.0,0.0,0.0,0.0,0.0,0.0,0.0,0.0,0.0,0.0,0.0,0.0
Asthma symptoms cough,0.0920554,0.0920554,0.0920554,0.0920554,0.0920554,0.0920554,0.0920554,0.0920554,0.0920554,0.0920554,0.0920554,0.0920554,0.0920554,0.0920554,0.0920554,0.0920554,0.0920554,0.0920554,0.0920554,0.0920554,0.0920554,0.0920554,0.0920554,0.0920554,0.0920554,0.0920554,0.0920554
Asthma symptoms shortness of breath,0.123963,0.123963,0.123963,0.123963,0.123963,0.123963,0.123963,0.123963,0.123963,0.123963,0.123963,0.123963,0.123963,0.123963,0.123963,0.123963,0.123963,0.123963,0.123963,0.123963,0.123963,0.123963,0.123963,0.123963,0.123963,0.123963,0.123963
Asthma symptoms wheeze,0.189405,0.189405,0.189405,0.189405,0.189405,0.189405,0.189405,0.189405,0.189405,0.189405,0.189405,0.189405,0.189405,0.189405,0.189405,0.189405,0.189405,0.189405,0.189405,0.189405,0.189405,0.189405,0.189405,0.189405,0.189405,0.189405,0.189405
Asthma incidence,0.0335193,0.0337358,0.0339522,0.0341687,0.0343851,0.0345785,0.0347719,0.0349314,0.035091,0.0352505,0.0354101,0.0355696,0.0357188,0.0358681,0.0360173,0.0361665,0.0363157,0.0364597,0.0366036,0.0367476,0.0368916,0.0370355,0.0371683,0.037301,0.0374337,0.0375665,0.0376992
Hay fever rhinitis incidence,0.213376,0.215323,0.217269,0.219216,0.221162,0.223265,0.225367,0.226938,0.228509,0.23008,0.231651,0.233222,0.234018,0.234813,0.235609,0.236405,0.237201,0.238116,0.239032,0.239947,0.240862,0.241778,0.242741,0.243704,0.244667,0.245631,0.246594
Respiratory emergency room visits,0.00996699,0.0100606,0.0101542,0.0102478,0.0103415,0.0104378,0.0105342,0.0106242,0.0107142,0.0108042,0.0108941,0.0109841,0.0110595,0.0111349,0.0112102,0.0112856,0.011361,0.0114253,0.0114896,0.0115539,0.0116182,0.0116825,0.0117425,0.0118024,0.0118623,0.0119222,0.0119821
Respiratory hospital admissions,0.00295747,0.00297442,0.00299137,0.00300832,0.00302528,0.00304358,0.00306189,0.00307938,0.00309688,0.00311437,0.00313186,0.00314935,0.00316191,0.00317446,0.00318702,0.00319957,0.00321213,0.00322408,0.00323604,0.00324799,0.00325994,0.0032719,0.0032834,0.0032949,0.0033064,0.0033179,0.0033294
Non-fatal heart attacks,0.0173401,0.0178442,0.0183483,0.0188524,0.0193565,0.019832,0.0203074,0.0206895,0.0210715,0.0214536,0.0218357,0.0222178,0.0224642,0.0227106,0.022957,0.0232034,0.0234498,0.0235795,0.0237093,0.0238391,0.0239688,0.0240986,0.0241971,0.0242956,0.0243941,0.0244926,0.0245911
Minor restricted activity days,11.2616,11.2891,11.3166,11.3441,11.3716,11.4122,11.4527,11.5221,11.5915,11.6608,11.7302,11.7996,11.8941,11.9886,12.0831,12.1776,12.2721,12.3672,12.4624,12.5575,12.6527,12.7478,12.8304,12.913,12.9956,13.0782,13.1608
Work loss days,1.90392,1.90982,1.91572,1.92162,1.92753,1.93526,1.943,1.95439,1.96579,1.97718,1.98858,1.99997,2.01431,2.02865,2.04299,2.05733,2.07167,2.08753,2.10339,2.11925,2.13511,2.15097,2.16505,2.17912,2.19319,2.20726,2.22134
Lung cancer incidence,0.000930657,0.000948826,0.000966994,0.000985163,0.00100333,0.00102256,0.0010418,0.0010624,0.00108299,0.00110359,0.00112419,0.00114479,0.0011622,0.0011796,0.00119701,0.00121441,0.00123182,0.00124063,0.00124944,0.00125825,0.00126706,0.00127587,0.00128013,0.00128439,0.00128865,0.00129291,0.00129716
Cardiovascular hospital admissions,0.00436025,0.00449054,0.00462083,0.00475112,0.0048814,0.0050062,0.00513099,0.00523772,0.00534445,0.00545118,0.0055579,0.00566463,0.00573579,0.00580695,0.00587811,0.00594927,0.00602043,0.00605808,0.00609573,0.00613338,0.00617103,0.00620868,0.00623402,0.00625937,0.00628471,0.00631006,0.00633541
Alzheimers disease hospital admissions,0.00664197,0.00685825,0.00707453,0.00729081,0.00750708,0.00773657,0.00796606,0.00819527,0.00842449,0.00865371,0.00888293,0.00911215,0.00927716,0.00944216,0.00960717,0.00977218,0.00993719,0.0100167,0.0100963,0.0101758,0.0102553,0.0103349,0.0103589,0.010383,0.0104071,0.0104312,0.0104553
Parkinsons disease hospital admissions,0.00086807,0.000890663,0.000913256,0.000935849,0.000958442,0.000977361,0.00099628,0.00100867,0.00102106,0.00103345,0.00104584,0.00105823,0.00106434,0.00107045,0.00107656,0.00108266,0.00108877,0.00109237,0.00109597,0.00109957,0.00110316,0.00110676,0.00111198,0.00111721,0.00112243,0.00112765,0.00113287
Stroke incidence,0.000798896,0.000819948,0.000840999,0.000862051,0.000883102,0.000900505,0.000917908,0.000928609,0.000939309,0.00095001,0.000960711,0.000971412,0.000976465,0.000981519,0.000986572,0.000991626,0.000996679,0.000999465,0.00100225,0.00100504,0.00100782,0.00101061,0.0010155,0.00102039,0.00102529,0.00103018,0.00103507
Out of hospital cardiac arrest incidence,0.000189349,0.000192154,0.000194958,0.000197763,0.000200568,0.000203203,0.000205839,0.00020791,0.000209982,0.000212054,0.000214126,0.000216198,0.00021762,0.000219043,0.000220465,0.000221888,0.00022331,0.000224449,0.000225587,0.000226726,0.000227864,0.000229003,0.000230258,0.000231514,0.000232769,0.000234025,0.000235281
Cardiac emergency room visits,0.00407232,0.00414669,0.00422106,0.00429543,0.0043698,0.00444263,0.00451546,0.00458602,0.00465658,0.00472714,0.0047977,0.00486826,0.00492494,0.00498163,0.00503831,0.005095,0.00515169,0.00519107,0.00523046,0.00526984,0.00530923,0.00534862,0.0053781,0.00540758,0.00543707,0.00546655,0.00549603
School loss days,0.0,0.0,0.0,0.0,0.0,0.0,0.0,0.0,0.0,0.0,0.0,0.0,0.0,0.0,0.0,0.0,0.0,0.0,0.0,0.0,0.0,0.0,0.0,0.0,0.0,0.0,0.0
,,,,,,,,,,,,,,,,,,,,,,,,,,,
Data for lookup functions (based on sheet name),,,,,,,,,,,,,,,,,,,,,,,,,,,
sector pollutant,transportation PM25,,,,,,,,,,,,,,,,,,,,,,,,,,
